cell_type,set,contrast,est,lo,hi,p,call,q,txt
B,type_I_ISG,IFNb_effect,0.5191425649759658,0.47247610568815007,0.5658090242637814,2.140746604356687e-105,up,1.556906621350318e-104,"+0.519 [+0.472, +0.566] up q<0.001"
B,type_I_ISG,IFNg_effect,0.0534421587141133,0.009352307072097263,0.09753201035612934,0.017515217274180827,up,0.022600280353781713,"+0.053 [+0.009, +0.098] up q=0.023"
B,type_I_ISG,combo_minus_IFNg,0.4512676771422074,0.40286046857274604,0.49967488571166874,1.3976838467947617e-74,up,8.60113136489084e-74,"+0.451 [+0.403, +0.500] up q<0.001"
B,type_I_ISG,interaction,-0.06787488783375836,-0.13511339067215214,-0.0006363849953645861,0.047870723311226666,down,0.05983840413903333,"-0.068 [-0.135, -0.001] down q=0.060"
B,type_I_ISG,combo_effect,0.5047098358563207,0.4590831053941976,0.5503365663184437,3.130426124411333e-104,up,,"+0.505 [+0.459, +0.550] up "
B,type_I_ISG,IFNg_with_IFNb,-0.014432729119645063,-0.06519788691644207,0.03633242867715195,0.57737351950699,n.s.,,"-0.014 [-0.065, +0.036] n.s. "
B,IFNG_specific,IFNb_effect,0.09338345474276945,0.042448124382555616,0.1443187851029833,0.0003264600426028163,up,0.0004927698756268925,"+0.093 [+0.042, +0.144] up q<0.001"
B,IFNG_specific,IFNg_effect,0.3106361529605063,0.25473867343360984,0.3665336324874027,1.258377506326487e-27,up,3.871930788696883e-27,"+0.311 [+0.255, +0.367] up q<0.001"
B,IFNG_specific,combo_minus_IFNg,-0.05946770447027015,-0.12049137132307744,0.001555962382537128,0.05613457356752955,n.s.,0.06908870592926714,"-0.059 [-0.120, +0.002] n.s. q=0.069"
B,IFNG_specific,interaction,-0.1528511592130396,-0.23233886766577166,-0.07336345076030752,0.00016395581078709122,down,0.00026232929725934594,"-0.153 [-0.232, -0.073] down q<0.001"
B,IFNG_specific,combo_effect,0.2511684484902361,0.1947287616657955,0.30760813531467673,2.7272501197611405e-18,up,,"+0.251 [+0.195, +0.308] up "
B,IFNG_specific,IFNg_with_IFNb,0.15778499374746668,0.1012715654528861,0.21429842204204727,4.444773438897997e-08,up,,"+0.158 [+0.101, +0.214] up "
B,MHC_II,IFNb_effect,0.11649221192376669,0.02339097912843327,0.2095934447191001,0.014191072881346339,up,0.018611243123077166,"+0.116 [+0.023, +0.210] up q=0.019"
B,MHC_II,IFNg_effect,0.2339653261301516,0.14362187747803243,0.3243087747822708,3.859063886461064e-07,up,7.179653742253142e-07,"+0.234 [+0.144, +0.324] up q<0.001"
B,MHC_II,combo_minus_IFNg,-0.03945821033185343,-0.12087414725874261,0.04195772659503576,0.3421651099863223,n.s.,0.37497546299870943,"-0.039 [-0.121, +0.042] n.s. q=0.375"
B,MHC_II,interaction,-0.1559504222556201,-0.2796290151231575,-0.03227182938808271,0.013459146596264186,down,0.017945528795018914,"-0.156 [-0.280, -0.032] down q=0.018"
B,MHC_II,combo_effect,0.1945071157982982,0.10633471077672754,0.2826795208198689,1.5346615900082062e-05,up,,"+0.195 [+0.106, +0.283] up "
B,MHC_II,IFNg_with_IFNb,0.0780149038745315,-0.006450802890616128,0.1624806106396791,0.0702527032035474,n.s.,,"+0.078 [-0.006, +0.162] n.s. "
B,MHC_I,IFNb_effect,0.3166878465085447,0.25017121102136547,0.38320448199572393,1.0443058317553358e-20,up,2.784815551347562e-20,"+0.317 [+0.250, +0.383] up q<0.001"
B,MHC_I,IFNg_effect,0.2740526088764717,0.20671223667525723,0.3413929810776862,1.506722157966156e-15,up,3.652659776887651e-15,"+0.274 [+0.207, +0.341] up q<0.001"
B,MHC_I,combo_minus_IFNg,0.10643600899673292,0.04955374572400769,0.16331827226945814,0.0002450170023768483,up,0.0003791628180035581,"+0.106 [+0.050, +0.163] up q<0.001"
B,MHC_I,interaction,-0.21025183751181178,-0.2977735757918637,-0.1227300992317599,2.4968731415430528e-06,down,4.438885584965427e-06,"-0.210 [-0.298, -0.123] down q<0.001"
B,MHC_I,combo_effect,0.38048861787320465,0.3134194420322258,0.44755779371418347,1.0137130819112698e-28,up,,"+0.380 [+0.313, +0.448] up "
B,MHC_I,IFNg_with_IFNb,0.06380077136465992,0.007896129845696938,0.11970541288362291,0.02529975151510677,up,,"+0.064 [+0.008, +0.120] up "
CD4 T,type_I_ISG,IFNb_effect,0.5750862501799242,0.551414260097702,0.5987582402621464,0.0,up,0.0,"+0.575 [+0.551, +0.599] up q<0.001"
CD4 T,type_I_ISG,IFNg_effect,0.018143158926355166,-0.0031225330016930244,0.039408850854403356,0.09449000726335864,n.s.,0.11116471442748076,"+0.018 [-0.003, +0.039] n.s. q=0.111"
CD4 T,type_I_ISG,combo_minus_IFNg,0.5681622498308837,0.5430669051908186,0.5932575944709488,0.0,up,0.0,"+0.568 [+0.543, +0.593] up q<0.001"
CD4 T,type_I_ISG,interaction,-0.0069240003490405305,-0.04142239795032706,0.027574397252245995,0.6940428706758452,n.s.,0.7028282234692104,"-0.007 [-0.041, +0.028] n.s. q=0.703"
CD4 T,type_I_ISG,combo_effect,0.5863054087572389,0.5622379819905973,0.6103728355238806,0.0,up,,"+0.586 [+0.562, +0.610] up "
CD4 T,type_I_ISG,IFNg_with_IFNb,0.011219158577314635,-0.01594533633567425,0.03838365349030352,0.418238437569842,n.s.,,"+0.011 [-0.016, +0.038] n.s. "
CD4 T,IFNG_specific,IFNb_effect,0.1253284724034659,0.10816560545230473,0.14249133935462704,1.8347199296052677e-46,up,7.725136545706391e-46,"+0.125 [+0.108, +0.142] up q<0.001"
CD4 T,IFNG_specific,IFNg_effect,0.2075479610221824,0.18167549831735252,0.23342042372701227,1.056201584201883e-55,up,4.9703603962441556e-55,"+0.208 [+0.182, +0.233] up q<0.001"
CD4 T,IFNG_specific,combo_minus_IFNg,0.051421216729975794,0.02250188099903645,0.08034055246091514,0.0004921467207389176,up,0.0007158497756202438,"+0.051 [+0.023, +0.080] up q<0.001"
CD4 T,IFNG_specific,interaction,-0.0739072556734901,-0.10753599310298677,-0.040278518243993436,1.6511513666312364e-05,down,2.8104704112872107e-05,"-0.074 [-0.108, -0.040] down q<0.001"
CD4 T,IFNG_specific,combo_effect,0.2589691777521582,0.23871510664666953,0.27922324885764693,1.3529370244801204e-138,up,,"+0.259 [+0.239, +0.279] up "
CD4 T,IFNG_specific,IFNg_with_IFNb,0.1336407053486923,0.11215797612987091,0.15512343456751368,3.402598584454931e-34,up,,"+0.134 [+0.112, +0.155] up "
CD4 T,MHC_II,IFNb_effect,0.05656863310095987,0.03619368777027622,0.07694357843164353,5.280150340750764e-08,up,1.0560300681501528e-07,"+0.057 [+0.036, +0.077] up q<0.001"
CD4 T,MHC_II,IFNg_effect,0.028302201745764165,0.007705335269053034,0.04889906822247529,0.007077170592013712,up,0.009761614609674086,"+0.028 [+0.008, +0.049] up q=0.010"
CD4 T,MHC_II,combo_minus_IFNg,0.046326280412413406,0.026454820503084137,0.06619774032174268,4.894523163908444e-06,up,8.512214198101643e-06,"+0.046 [+0.026, +0.066] up q<0.001"
CD4 T,MHC_II,interaction,-0.010242352688546468,-0.03870308557012236,0.018218380193029418,0.48059541491466984,n.s.,0.5058899104364946,"-0.010 [-0.039, +0.018] n.s. q=0.506"
CD4 T,MHC_II,combo_effect,0.07462848215817756,0.05489215865878974,0.09436480565756539,1.2519530914736736e-13,up,,"+0.075 [+0.055, +0.094] up "
CD4 T,MHC_II,IFNg_with_IFNb,0.0180598490572177,-0.0015814952831512165,0.03770119339758661,0.07152176870043624,n.s.,,"+0.018 [-0.002, +0.038] n.s. "
CD4 T,MHC_I,IFNb_effect,0.35919245704916564,0.32756624581915444,0.39081866827917683,8.994128494076469e-110,up,7.195302795261175e-109,"+0.359 [+0.328, +0.391] up q<0.001"
CD4 T,MHC_I,IFNg_effect,0.19633498995051837,0.15897971280358303,0.23369026709745372,6.948463034587367e-25,up,2.0588038620999603e-24,"+0.196 [+0.159, +0.234] up q<0.001"
CD4 T,MHC_I,combo_minus_IFNg,0.22143231862672924,0.1854039822419104,0.2574606550115481,2.0345329520107117e-33,up,6.781776506702372e-33,"+0.221 [+0.185, +0.257] up q<0.001"
CD4 T,MHC_I,interaction,-0.1377601384224364,-0.18570029131563137,-0.08981998552924142,1.780031003673226e-08,down,3.6513456485604634e-08,"-0.138 [-0.186, -0.090] down q<0.001"
CD4 T,MHC_I,combo_effect,0.41776730857724764,0.3839335224166128,0.45160109473788246,2.1754590826773245e-129,up,,"+0.418 [+0.384, +0.452] up "
CD4 T,MHC_I,IFNg_with_IFNb,0.05857485152808198,0.028527530038496052,0.08862217301766791,0.0001330231996020148,up,,"+0.059 [+0.029, +0.089] up "
CD8 T,type_I_ISG,IFNb_effect,0.5518085748699519,0.5175446599266595,0.5860724898132443,1.1325009793804955e-218,up,1.1325009793804954e-217,"+0.552 [+0.518, +0.586] up q<0.001"
CD8 T,type_I_ISG,IFNg_effect,-0.015356237564457717,-0.042501523713956955,0.01178904858504152,0.26753269574821725,n.s.,0.2972585508313525,"-0.015 [-0.043, +0.012] n.s. q=0.297"
CD8 T,type_I_ISG,combo_minus_IFNg,0.5401462849596547,0.5044797956240196,0.5758127742952898,1.295364939807082e-193,up,1.1514355020507396e-192,"+0.540 [+0.504, +0.576] up q<0.001"
CD8 T,type_I_ISG,interaction,-0.011662289910297285,-0.06112049781121272,0.03779591799061814,0.6439656745836788,n.s.,0.6604776149576194,"-0.012 [-0.061, +0.038] n.s. q=0.660"
CD8 T,type_I_ISG,combo_effect,0.524790047395197,0.4868443278733438,0.5627357669170501,8.289777203048772e-162,up,,"+0.525 [+0.487, +0.563] up "
CD8 T,type_I_ISG,IFNg_with_IFNb,-0.027018527474755,-0.06836157729733103,0.014324522347821021,0.20023704987671243,n.s.,,"-0.027 [-0.068, +0.014] n.s. "
CD8 T,IFNG_specific,IFNb_effect,0.05782144853551478,0.03449523423103518,0.08114766283999439,1.1834129979260986e-06,up,2.15165999622927e-06,"+0.058 [+0.034, +0.081] up q<0.001"
CD8 T,IFNG_specific,IFNg_effect,0.09349608426348471,0.06589664191785437,0.12109552660911506,3.1455870948417923e-11,up,6.990193544092871e-11,"+0.093 [+0.066, +0.121] up q<0.001"
CD8 T,IFNG_specific,combo_minus_IFNg,0.02792950891415454,-0.002579904573572267,0.058438922401881345,0.07277684940147504,n.s.,0.08821436291087884,"+0.028 [-0.003, +0.058] n.s. q=0.088"
CD8 T,IFNG_specific,interaction,-0.029891939621360244,-0.06829684276071998,0.0085129635179995,0.1271315434456767,n.s.,0.14324680951625546,"-0.030 [-0.068, +0.009] n.s. q=0.143"
CD8 T,IFNG_specific,combo_effect,0.12142559317763926,0.09483201241220254,0.14801917394307598,3.5824886976361273e-19,up,,"+0.121 [+0.095, +0.148] up "
CD8 T,IFNG_specific,IFNg_with_IFNb,0.06360414464212447,0.03689820209455921,0.09031008718968972,3.0422942770341e-06,up,,"+0.064 [+0.037, +0.090] up "
CD8 T,MHC_II,IFNb_effect,0.05462481313968017,0.021353029853306317,0.08789659642605402,0.0012916808372156374,up,0.0018452583388794822,"+0.055 [+0.021, +0.088] up q=0.002"
CD8 T,MHC_II,IFNg_effect,0.012018634032959954,-0.022158990284469035,0.046196258350388944,0.4906813787483688,n.s.,0.5097988350632403,"+0.012 [-0.022, +0.046] n.s. q=0.510"
CD8 T,MHC_II,combo_minus_IFNg,0.013000365256966025,-0.019789046532207262,0.04578977704613931,0.43710704651953114,n.s.,0.4662475162874999,"+0.013 [-0.020, +0.046] n.s. q=0.466"
CD8 T,MHC_II,interaction,-0.04162444788271415,-0.08833801217120989,0.0050891164057815935,0.08073459316600558,n.s.,0.09639951422806636,"-0.042 [-0.088, +0.005] n.s. q=0.096"
CD8 T,MHC_II,combo_effect,0.025018999289925972,-0.009306831749808182,0.05934483032966013,0.15313217605875643,n.s.,,"+0.025 [-0.009, +0.059] n.s. "
CD8 T,MHC_II,IFNg_with_IFNb,-0.029605813849754192,-0.06144991981227336,0.002238292112764974,0.06842464938708016,n.s.,,"-0.030 [-0.061, +0.002] n.s. "
CD8 T,MHC_I,IFNb_effect,0.32301756030737055,0.28728385264886225,0.35875126796587886,3.0867383052134623e-70,up,1.7638504601219785e-69,"+0.323 [+0.287, +0.359] up q<0.001"
CD8 T,MHC_I,IFNg_effect,0.12813888789350986,0.08992855960002552,0.1663492161869942,4.938853613876861e-11,up,1.0678602408382402e-10,"+0.128 [+0.090, +0.166] up q<0.001"
CD8 T,MHC_I,combo_minus_IFNg,0.22411480659024446,0.18740875551310815,0.2608208576673808,5.2983051391663945e-33,up,1.695457644533246e-32,"+0.224 [+0.187, +0.261] up q<0.001"
CD8 T,MHC_I,interaction,-0.0989027537171261,-0.1501300125614279,-0.04767549487282429,0.0001543049610899089,down,0.0002519264670855655,"-0.099 [-0.150, -0.048] down q<0.001"
CD8 T,MHC_I,combo_effect,0.3522536944837543,0.31428972974554564,0.390217659221963,6.6889043351895355e-74,up,,"+0.352 [+0.314, +0.390] up "
CD8 T,MHC_I,IFNg_with_IFNb,0.029236134176383752,-0.004884282884450954,0.06335655123721845,0.09307444653031262,n.s.,,"+0.029 [-0.005, +0.063] n.s. "
Monocyte,type_I_ISG,IFNb_effect,0.788541081722637,0.7584616165908995,0.8186205468543746,0.0,up,0.0,"+0.789 [+0.758, +0.819] up q<0.001"
Monocyte,type_I_ISG,IFNg_effect,0.19005882956579295,0.1672252409401136,0.2128924181914723,7.840796860020917e-60,up,3.920398430010458e-59,"+0.190 [+0.167, +0.213] up q<0.001"
Monocyte,type_I_ISG,combo_minus_IFNg,0.6249059314844837,0.5957304502851759,0.6540814126837915,0.0,up,0.0,"+0.625 [+0.596, +0.654] up q<0.001"
Monocyte,type_I_ISG,interaction,-0.16363515023815337,-0.2055396001906652,-0.12173070028564154,1.9546208649764798e-14,down,4.599107917591717e-14,"-0.164 [-0.206, -0.122] down q<0.001"
Monocyte,type_I_ISG,combo_effect,0.8149647610502767,0.7850080144185774,0.844921507681976,0.0,up,,"+0.815 [+0.785, +0.845] up "
Monocyte,type_I_ISG,IFNg_with_IFNb,0.026423679327639588,-0.008713340413593243,0.06156069906887242,0.14050080481118984,n.s.,,"+0.026 [-0.009, +0.062] n.s. "
Monocyte,IFNG_specific,IFNb_effect,0.21937755616667148,0.18416074172818386,0.2545943706051591,2.7731692842588526e-34,up,9.645806206117749e-34,"+0.219 [+0.184, +0.255] up q<0.001"
Monocyte,IFNG_specific,IFNg_effect,1.0807839331853581,1.0357065709249955,1.1258612954457208,0.0,up,0.0,"+1.081 [+1.036, +1.126] up q<0.001"
Monocyte,IFNG_specific,combo_minus_IFNg,-0.19342570625785122,-0.24364254730100893,-0.1432088652146935,4.3724136256025913e-14,down,9.994088287091637e-14,"-0.193 [-0.244, -0.143] down q<0.001"
Monocyte,IFNG_specific,interaction,-0.4128032624245227,-0.4741380416574232,-0.3514684831916222,9.859906203925345e-40,down,3.7561547443525124e-39,"-0.413 [-0.474, -0.351] down q<0.001"
Monocyte,IFNG_specific,combo_effect,0.887358226927507,0.844312776420061,0.930403677434953,0.0,up,,"+0.887 [+0.844, +0.930] up "
Monocyte,IFNG_specific,IFNg_with_IFNb,0.6679806707608354,0.6263875636973255,0.7095737778243454,1.8045975528410272e-217,up,,"+0.668 [+0.626, +0.710] up "
Monocyte,MHC_II,IFNb_effect,-0.1321137173605817,-0.18082627700373605,-0.08340115771742734,1.0628672228434838e-07,down,2.0738872640848467e-07,"-0.132 [-0.181, -0.083] down q<0.001"
Monocyte,MHC_II,IFNg_effect,0.20481281421518233,0.1560876338787425,0.2535379945516221,1.7428316434697758e-16,up,4.497630047663937e-16,"+0.205 [+0.156, +0.254] up q<0.001"
Monocyte,MHC_II,combo_minus_IFNg,-0.07538246443235326,-0.12374003502095228,-0.02702489384375424,0.0022483503775064125,down,0.0031555794772019823,"-0.075 [-0.124, -0.027] down q=0.003"
Monocyte,MHC_II,interaction,0.056731252928228434,-0.01190815339364476,0.12537065925010163,0.10524675418586936,n.s.,0.12028200478385069,"+0.057 [-0.012, +0.125] n.s. q=0.120"
Monocyte,MHC_II,combo_effect,0.12943034978282908,0.08067845726527571,0.17818224230038243,1.9560536033172597e-07,up,,"+0.129 [+0.081, +0.178] up "
Monocyte,MHC_II,IFNg_with_IFNb,0.2615440671434108,0.21319921321457436,0.3098889210722472,2.875226292590754e-26,up,,"+0.262 [+0.213, +0.310] up "
Monocyte,MHC_I,IFNb_effect,0.24119051130663935,0.2123837626764887,0.26999725993678997,1.6165268900622182e-60,up,8.621476746998498e-60,"+0.241 [+0.212, +0.270] up q<0.001"
Monocyte,MHC_I,IFNg_effect,0.20437119722510522,0.1770065998191378,0.23173579463107263,1.6096813450999885e-48,up,7.154139311555504e-48,"+0.204 [+0.177, +0.232] up q<0.001"
Monocyte,MHC_I,combo_minus_IFNg,0.04993444320777729,0.022108901630824823,0.07775998478472976,0.00043602374692867387,up,0.0006459611065609983,"+0.050 [+0.022, +0.078] up q<0.001"
Monocyte,MHC_I,interaction,-0.19125606809886206,-0.23130715460960974,-0.15120498158811438,8.017435613041215e-21,down,2.2117063760113696e-20,"-0.191 [-0.231, -0.151] down q<0.001"
Monocyte,MHC_I,combo_effect,0.2543056404328825,0.2237465376086581,0.2848647432571069,8.330357245009535e-60,up,,"+0.254 [+0.224, +0.285] up "
Monocyte,MHC_I,IFNg_with_IFNb,0.013115129126243158,-0.016129842056862565,0.04236010030934888,0.37942257747689634,n.s.,,"+0.013 [-0.016, +0.042] n.s. "
NK,type_I_ISG,IFNb_effect,0.642585764224258,0.6166428176490538,0.6685287107994621,0.0,up,0.0,"+0.643 [+0.617, +0.669] up q<0.001"
NK,type_I_ISG,IFNg_effect,0.016859007604506638,-0.00332554155502773,0.037043556764041,0.10162073151049186,n.s.,0.11782113798317896,"+0.017 [-0.003, +0.037] n.s. q=0.118"
NK,type_I_ISG,combo_minus_IFNg,0.596219067793718,0.5658402672149396,0.6265978683724964,0.0,up,0.0,"+0.596 [+0.566, +0.627] up q<0.001"
NK,type_I_ISG,interaction,-0.046366696430539936,-0.08631551370476118,-0.006417879156318695,0.022915698573934024,down,0.029099299776424156,"-0.046 [-0.086, -0.006] down q=0.029"
NK,type_I_ISG,combo_effect,0.6130780753982247,0.5833525245751618,0.6428036262212875,0.0,up,,"+0.613 [+0.583, +0.643] up "
NK,type_I_ISG,IFNg_with_IFNb,-0.029507688826033298,-0.06398220081439122,0.004966823162324625,0.09342767179981384,n.s.,,"-0.030 [-0.064, +0.005] n.s. "
NK,IFNG_specific,IFNb_effect,0.08589997936029457,0.06855426720443611,0.10324569151615304,2.837315496854371e-22,up,8.106615705298203e-22,"+0.086 [+0.069, +0.103] up q<0.001"
NK,IFNG_specific,IFNg_effect,0.14513343967326625,0.1243007322924818,0.16596614705405072,1.9027436286819496e-42,up,7.610974514727798e-42,"+0.145 [+0.124, +0.166] up q<0.001"
NK,IFNG_specific,combo_minus_IFNg,0.0021997274703221964,-0.024088109418356953,0.028487564359001346,0.8697257124961806,n.s.,0.8697257124961806,"+0.002 [-0.024, +0.028] n.s. q=0.870"
NK,IFNG_specific,interaction,-0.08370025188997238,-0.11519507842513077,-0.052205425354813983,1.9009099646005643e-07,down,3.620780884953456e-07,"-0.084 [-0.115, -0.052] down q<0.001"
NK,IFNG_specific,combo_effect,0.14733316714358846,0.1249039833922664,0.16976235089491054,6.252868648124076e-38,up,,"+0.147 [+0.125, +0.170] up "
NK,IFNG_specific,IFNg_with_IFNb,0.061433187783293874,0.037812806718071384,0.08505356884851636,3.440189376361897e-07,up,,"+0.061 [+0.038, +0.085] up "
NK,MHC_II,IFNb_effect,0.044873613640463474,0.023182822455097903,0.06656440482582904,5.018863209307127e-05,up,8.364772015511879e-05,"+0.045 [+0.023, +0.067] up q<0.001"
NK,MHC_II,IFNg_effect,0.039301607920636056,0.018289190248740893,0.06031402559253122,0.0002464558317023128,up,0.0003791628180035581,"+0.039 [+0.018, +0.060] up q<0.001"
NK,MHC_II,combo_minus_IFNg,0.03066918064296607,0.006612778354966611,0.05472558293096553,0.012463871515531511,up,0.016900164766822386,"+0.031 [+0.007, +0.055] up q=0.017"
NK,MHC_II,interaction,-0.014204432997497404,-0.04659580396708159,0.018186937972086776,0.3900682315296087,n.s.,0.42169538543741475,"-0.014 [-0.047, +0.018] n.s. q=0.422"
NK,MHC_II,combo_effect,0.06997078856360212,0.0456174867721476,0.09432409035505662,1.7887856983872167e-08,up,,"+0.070 [+0.046, +0.094] up "
NK,MHC_II,IFNg_with_IFNb,0.025097174923138652,0.0004460245063519844,0.04974832533992532,0.04599638235005366,up,,"+0.025 [+0.000, +0.050] up "
NK,MHC_I,IFNb_effect,0.2768428807221397,0.2500053621035719,0.3036803993407075,6.79261689339126e-91,up,4.52841126226084e-90,"+0.277 [+0.250, +0.304] up q<0.001"
NK,MHC_I,IFNg_effect,0.17952823243999652,0.15111015879785564,0.2079463060821374,3.2762256047973543e-35,up,1.191354765380856e-34,"+0.180 [+0.151, +0.208] up q<0.001"
NK,MHC_I,combo_minus_IFNg,0.09972302820331677,0.06649439519743663,0.1329516612091969,4.051375507396487e-09,up,8.52921159451892e-09,"+0.100 [+0.066, +0.133] up q<0.001"
NK,MHC_I,interaction,-0.17711985251882292,-0.21983278331315595,-0.1344069217244899,4.3830343646911575e-16,down,1.0957585911727894e-15,"-0.177 [-0.220, -0.134] down q<0.001"
NK,MHC_I,combo_effect,0.2792512606433133,0.2477702971413837,0.3107322241452429,1.0566230884173633e-67,up,,"+0.279 [+0.248, +0.311] up "
NK,MHC_I,IFNg_with_IFNb,0.002408379921173598,-0.029479039973062553,0.03429579981540975,0.88231802480605,n.s.,,"+0.002 [-0.029, +0.034] n.s. "
